Año,Trimestre,Provincia,Accesos por cada 100 hogares,Accesos por cada 100 hab
2023,4,Buenos Aires,80.96,27.68
2023,4,Capital Federal,117.02,47.8
2023,4,Catamarca,68.63,17.46
2023,4,Chaco,44.35,11.85
2023,4,Chubut,84.96,26.04
2023,4,Córdoba,90.67,27.76
2023,4,Corrientes,52.56,13.84
2023,4,Entre Ríos,69.94,20.91
2023,4,Formosa,39.23,9.98
2023,4,Jujuy,57.78,14.77
2023,4,La Pampa,99.96,32.93
2023,4,La Rioja,80.22,21.35
2023,4,Mendoza,52.15,14.55
2023,4,Misiones,56.27,15.33
2023,4,Neuquén,79.91,23.78
2023,4,Río Negro,70.26,21.61
2023,4,Salta,56.98,13.8
2023,4,San Juan,50.08,12.75
2023,4,San Luis,102.07,29.21
2023,4,Santa Cruz,73.75,21.94
2023,4,Santa Fe,79.75,25.08
2023,4,Santiago Del Estero,49.08,12.18
2023,4,Tierra Del Fuego,110.49,32.75
2023,4,Tucumán,61.04,15.12
2023,3,Buenos Aires,80.64,27.5
2023,3,Capital Federal,116.4,47.6
2023,3,Catamarca,68.55,17.44
2023,3,Chaco,42.87,11.46
2023,3,Chubut,84.23,25.82
2023,3,Córdoba,90.05,27.57
2023,3,Corrientes,52.78,13.9
2023,3,Entre Ríos,68.84,20.58
2023,3,Formosa,38.86,9.89
2023,3,Jujuy,57.61,14.73
2023,3,La Pampa,99.0,32.62
2023,3,La Rioja,80.44,21.41
2023,3,Mendoza,52.03,14.52
2023,3,Misiones,55.51,15.12
2023,3,Neuquén,79.97,23.8
2023,3,Río Negro,68.4,21.04
2023,3,Salta,57.57,13.94
2023,3,San Juan,50.45,12.85
2023,3,San Luis,98.55,28.2
2023,3,Santa Cruz,40.89,12.17
2023,3,Santa Fe,79.09,24.87
2023,3,Santiago Del Estero,48.67,12.08
2023,3,Tierra Del Fuego,105.95,31.41
2023,3,Tucumán,61.26,15.17
2023,2,Buenos Aires,79.67,27.1
2023,2,Capital Federal,115.48,47.27
2023,2,Catamarca,67.42,17.15
2023,2,Chaco,42.87,11.46
2023,2,Chubut,82.49,25.28
2023,2,Córdoba,90.13,27.59
2023,2,Corrientes,52.37,13.79
2023,2,Entre Ríos,64.43,19.26
2023,2,Formosa,38.32,9.75
2023,2,Jujuy,57.78,14.78
2023,2,La Pampa,98.35,32.4
2023,2,La Rioja,80.01,21.3
2023,2,Mendoza,52.09,14.54
2023,2,Misiones,55.18,15.03
2023,2,Neuquén,78.97,23.5
2023,2,Río Negro,68.56,21.09
2023,2,Salta,57.48,13.92
2023,2,San Juan,47.52,12.1
2023,2,San Luis,93.41,26.73
2023,2,Santa Cruz,41.66,12.39
2023,2,Santa Fe,78.83,24.79
2023,2,Santiago Del Estero,47.14,11.7
2023,2,Tierra Del Fuego,106.38,31.54
2023,2,Tucumán,60.75,15.05
2023,1,Buenos Aires,79.0,26.81
2023,1,Capital Federal,122.59,50.23
2023,1,Catamarca,66.17,16.83
2023,1,Chaco,43.15,11.53
2023,1,Chubut,85.89,26.32
2023,1,Córdoba,88.84,27.2
2023,1,Corrientes,52.05,13.71
2023,1,Entre Ríos,64.79,19.37
2023,1,Formosa,38.79,9.87
2023,1,Jujuy,58.2,14.88
2023,1,La Pampa,96.55,31.81
2023,1,La Rioja,79.74,21.23
2023,1,Mendoza,51.4,14.34
2023,1,Misiones,53.97,14.7
2023,1,Neuquén,78.55,23.38
2023,1,Río Negro,69.16,21.27
2023,1,Salta,57.67,13.97
2023,1,San Juan,49.75,12.67
2023,1,San Luis,90.17,25.8
2023,1,Santa Cruz,43.42,12.92
2023,1,Santa Fe,78.13,24.57
2023,1,Santiago Del Estero,47.55,11.8
2023,1,Tierra Del Fuego,104.23,30.9
2023,1,Tucumán,60.34,14.95
2022,4,Buenos Aires,78.94,26.72
2022,4,Capital Federal,122.73,50.35
2022,4,Catamarca,65.77,16.73
2022,4,Chaco,43.62,11.66
2022,4,Chubut,85.57,26.23
2022,4,Córdoba,89.03,27.26
2022,4,Corrientes,51.64,13.6
2022,4,Entre Ríos,64.01,19.14
2022,4,Formosa,39.41,10.03
2022,4,Jujuy,58.46,14.95
2022,4,La Pampa,94.8,31.23
2022,4,La Rioja,79.86,21.26
2022,4,Mendoza,51.36,14.33
2022,4,Misiones,52.85,14.39
2022,4,Neuquén,78.67,23.41
2022,4,Río Negro,68.42,21.04
2022,4,Salta,57.96,14.04
2022,4,San Juan,50.88,12.96
2022,4,San Luis,90.27,25.83
2022,4,Santa Cruz,43.53,12.95
2022,4,Santa Fe,78.4,24.65
2022,4,Santiago Del Estero,48.05,11.92
2022,4,Tierra Del Fuego,101.44,30.07
2022,4,Tucumán,61.04,15.12
2022,3,Buenos Aires,78.11,26.37
2022,3,Capital Federal,122.28,50.22
2022,3,Catamarca,65.33,16.62
2022,3,Chaco,43.86,11.72
2022,3,Chubut,84.38,25.86
2022,3,Córdoba,88.31,27.04
2022,3,Corrientes,48.21,12.69
2022,3,Entre Ríos,63.67,19.04
2022,3,Formosa,43.76,11.14
2022,3,Jujuy,58.91,15.06
2022,3,La Pampa,96.59,31.82
2022,3,La Rioja,80.66,21.47
2022,3,Mendoza,51.03,14.24
2022,3,Misiones,51.82,14.11
2022,3,Neuquén,80.37,23.92
2022,3,Río Negro,67.98,20.91
2022,3,Salta,57.76,13.99
2022,3,San Juan,50.8,12.94
2022,3,San Luis,81.74,23.39
2022,3,Santa Cruz,43.19,12.85
2022,3,Santa Fe,78.55,24.7
2022,3,Santiago Del Estero,47.98,11.91
2022,3,Tierra Del Fuego,99.51,29.5
2022,3,Tucumán,61.14,15.14
2022,2,Buenos Aires,77.58,26.12927127832741
2022,2,Capital Federal,121.31,49.873561256261084
2022,2,Catamarca,62.4,15.871790195247085
2022,2,Chaco,43.79,11.70254390369554
2022,2,Chubut,83.19,25.499919336270644
2022,2,Córdoba,87.48,26.781590841133493
2022,2,Corrientes,48.35,12.732146965383649
2022,2,Entre Ríos,63.9,19.10468595065942
2022,2,Formosa,43.42,11.049814591140093
2022,2,Jujuy,57.32,14.656913524540677
2022,2,La Pampa,92.98,30.632721559665786
2022,2,La Rioja,80.14,21.331409216914373
2022,2,Mendoza,49.39,13.782233784570575
2022,2,Misiones,51.0,13.89002818196789
2022,2,Neuquén,80.02,23.81745752817118
2022,2,Río Negro,67.85,20.867543527383393
2022,2,Salta,57.54,13.936010557448652
2022,2,San Juan,49.46,12.597912455631214
2022,2,San Luis,81.76,23.396972678771853
2022,2,Santa Cruz,43.15,12.83962283852644
2022,2,Santa Fe,77.9,24.495906799164608
2022,2,Santiago Del Estero,47.7,11.836737968128928
2022,2,Tierra Del Fuego,99.86,29.60495526496903
2022,2,Tucumán,59.31,14.6914572899128
2022,1,Buenos Aires,76.07814661157262,25.563030152028354
2022,1,Capital Federal,111.79786269174652,46.01434762144353
2022,1,Catamarca,58.20635083561171,14.805619574995312
2022,1,Chaco,44.05948009941883,11.775342040436145
2022,1,Chubut,88.05274093835774,26.988759663104396
2022,1,Córdoba,85.75745356313551,26.255262218351167
2022,1,Corrientes,47.644635141502334,12.545281287312793
2022,1,Entre Ríos,63.70090347123158,19.04540527092108
2022,1,Formosa,34.955686995751336,8.896427435598431
2022,1,Jujuy,58.06462866426784,14.847641828629394
2022,1,La Pampa,91.66332531408715,30.200415031402574
2022,1,La Rioja,78.77459866564503,20.96917417226944
2022,1,Mendoza,48.73524093558345,13.5994765497552
2022,1,Misiones,49.04334199772953,13.357539336702546
2022,1,Neuquén,74.17305509992715,22.07746042609429
2022,1,Río Negro,67.03640754987029,20.61822984084394
2022,1,Salta,56.10759340849759,13.588166053353753
2022,1,San Juan,43.54598160933163,11.092116468606637
2022,1,San Luis,80.72423060601774,23.101656231687382
2022,1,Santa Cruz,43.33842311053054,12.894297328809571
2022,1,Santa Fe,77.30458474758402,24.307396998934415
2022,1,Santiago Del Estero,47.17273839324049,11.706882132029497
2022,1,Tierra Del Fuego,98.29055038672794,29.13865104068589
2022,1,Tucumán,57.39003227231194,14.215533334298076
2021,4,Buenos Aires,75.66410602338475,25.36251411440295
2021,4,Capital Federal,111.27002612891737,45.848510714562856
2021,4,Catamarca,55.2526999859741,14.054223759225387
2021,4,Chaco,44.04856389025934,11.772399458164147
2021,4,Chubut,82.57340063871433,25.309325144656967
2021,4,Córdoba,84.50941853046088,25.873153715537683
2021,4,Corrientes,45.51016102946347,11.983198552620907
2021,4,Entre Ríos,63.155361436165784,18.88227767661483
2021,4,Formosa,34.4545746388443,8.768865242200624
2021,4,Jujuy,56.921070514870486,14.555241944242491
2021,4,La Pampa,89.56734270241313,29.509892061530994
2021,4,La Rioja,77.9234900964576,20.742382050283958
2021,4,Mendoza,47.505317090317746,13.25625900699059
2021,4,Misiones,49.06462073058497,13.363319043268442
2021,4,Neuquén,73.30016254020012,21.817563119077384
2021,4,Río Negro,65.69489961160652,20.205613568445425
2021,4,Salta,56.81442605762217,13.759337691497715
2021,4,San Juan,39.588851864871685,10.084133235970333
2021,4,San Luis,80.29578283135379,22.97895624197615
2021,4,Santa Cruz,43.05121466117346,12.808821353847454
2021,4,Santa Fe,77.08920179439227,24.23965799751964
2021,4,Santiago Del Estero,47.0459491943867,11.675440470480114
2021,4,Tierra Del Fuego,98.40061644865433,29.171007839182543
2021,4,Tucumán,55.92599102424391,13.852880446424063
2021,3,Buenos Aires,71.68218940101933,23.96989190399953
2021,3,Capital Federal,111.27105514250894,45.90038346526859
2021,3,Catamarca,52.709793486001274,13.407472376612356
2021,3,Chaco,42.96241007967663,11.48213456009956
2021,3,Chubut,80.70973847657562,24.738375502880167
2021,3,Córdoba,81.2845665540848,24.885957628675673
2021,3,Corrientes,44.90088312664412,11.8228555121759
2021,3,Entre Ríos,62.17940145385769,18.590565595869126
2021,3,Formosa,33.962033540684324,8.643582187295351
2021,3,Jujuy,55.6892647441935,14.240381868423986
2021,3,La Pampa,84.27996309653611,27.767891191051227
2021,3,La Rioja,77.26016061386845,20.565964530219404
2021,3,Mendoza,45.54828468056102,12.710228113581037
2021,3,Misiones,45.57065365808786,12.411772581325813
2021,3,Neuquén,69.70653344501615,20.74816202113861
2021,3,Río Negro,61.967213114754095,19.05925062746504
2021,3,Salta,55.964278059584196,13.55352602212216
2021,3,San Juan,39.4554480019856,10.050236642022515
2021,3,San Luis,79.87043349212911,22.857408818789526
2021,3,Santa Cruz,43.74732028012005,13.016254371883871
2021,3,Santa Fe,75.01704762728227,23.58815244581783
2021,3,Santiago Del Estero,47.0,11.660736690891678
2021,3,Tierra Del Fuego,94.95386825985027,28.150170112829368
2021,3,Tucumán,54.63604486100796,13.533446775711843
2021,2,Buenos Aires,70.00330336027972,23.35247372787298
2021,2,Capital Federal,110.14440203212098,45.48719048129489
2021,2,Catamarca,52.34030966263861,13.313748671467298
2021,2,Chaco,43.32762729293539,11.580041340539402
2021,2,Chubut,72.29410481936469,22.159781771420207
2021,2,Córdoba,80.11518795931242,24.528406291253745
2021,2,Corrientes,43.5411637336848,11.465064580129559
2021,2,Entre Ríos,61.660264464787886,18.435680632917915
2021,2,Formosa,33.22548419322613,8.456293049570467
2021,2,Jujuy,56.182157011467694,14.366784069218694
2021,2,La Pampa,82.08000672325404,27.043558440191944
2021,2,La Rioja,76.9786615851933,20.49158509575061
2021,2,Mendoza,40.97324182617088,11.433847066800618
2021,2,Misiones,45.0128113119994,12.26014659485293
2021,2,Neuquén,69.14021084638621,20.58023612564588
2021,2,Río Negro,61.94204057417748,19.052051860128394
2021,2,Salta,54.930090174788894,13.303441391384512
2021,2,San Juan,39.28402570062062,10.00671906693712
2021,2,San Luis,83.47810720063075,23.89055527674358
2021,2,Santa Cruz,44.01491665543425,13.096756425784957
2021,2,Santa Fe,75.06878626293008,23.60478745301367
2021,2,Santiago Del Estero,46.557275364921054,11.554388875216853
2021,2,Tierra Del Fuego,67.88580775229184,20.126647945777083
2021,2,Tucumán,54.928196510348045,13.606163819728007
2021,1,Buenos Aires,69.10524076185938,22.998353975762015
2021,1,Capital Federal,108.4199392232935,44.82699016464177
2021,1,Catamarca,48.899092927848244,12.438278918256517
2021,1,Chaco,43.13649241708794,11.528896477487843
2021,1,Chubut,68.9942808881567,21.147838315076264
2021,1,Córdoba,78.59028062380018,24.061371645661506
2021,1,Corrientes,42.664128438821415,11.234115869536096
2021,1,Entre Ríos,60.439449728342346,18.070581721504354
2021,1,Formosa,32.732955756327215,8.330895284429907
2021,1,Jujuy,55.63244789620541,14.226045966500736
2021,1,La Pampa,81.77676345752207,26.943299898725044
2021,1,La Rioja,49.80693519079345,13.258360163449572
2021,1,Mendoza,39.153661528996416,10.926002451479471
2021,1,Misiones,43.172438905971845,11.758811611223322
2021,1,Neuquén,66.84208942045272,19.895917331182986
2021,1,Río Negro,60.87924030325769,18.724905657874665
2021,1,Salta,53.93001926339093,13.061128426236175
2021,1,San Juan,39.055194335357605,9.948368694803314
2021,1,San Luis,81.23730177127507,23.24883515831701
2021,1,Santa Cruz,41.64783103990742,12.391825403443834
2021,1,Santa Fe,73.91656407026184,23.242382186130484
2021,1,Santiago Del Estero,45.67308282365455,11.334871169032645
2021,1,Tierra Del Fuego,77.34935609177366,22.9312154304354
2021,1,Tucumán,54.81892254125389,13.57896382467824
2020,4,Buenos Aires,68.97702220170737,22.90151153254686
2020,4,Capital Federal,108.31107489043508,44.833968426782796
2020,4,Catamarca,49.40688354549741,12.567459308545084
2020,4,Chaco,43.030788649779105,11.50064617804086
2020,4,Chubut,68.35189915825622,20.950871174621614
2020,4,Córdoba,78.07960876338194,23.904978675681004
2020,4,Corrientes,42.42828394694903,11.172002734788627
2020,4,Entre Ríos,59.47430676097378,17.78197083072765
2020,4,Formosa,32.487381907596735,8.268390853815193
2020,4,Jujuy,53.45659123390888,13.669623117135359
2020,4,La Pampa,81.76793248945148,26.940422171804798
2020,4,La Rioja,50.11061211701148,13.339129511730942
2020,4,Mendoza,38.62957896227819,10.779753857792285
2020,4,Misiones,42.64411416119227,11.614898792582805
2020,4,Neuquén,67.00234522048092,19.943555550895127
2020,4,Río Negro,61.088615480454756,18.789319055171752
2020,4,Salta,54.04275200147659,13.088389057411085
2020,4,San Juan,36.32088215575813,9.251858120163535
2020,4,San Luis,81.67947806105701,23.375314368474104
2020,4,Santa Cruz,36.99957245908797,11.008682660661702
2020,4,Santa Fe,73.58073807267776,23.136769743176906
2020,4,Santiago Del Estero,43.749256620689934,10.857437164805166
2020,4,Tierra Del Fuego,76.26583496977399,22.609569143137627
2020,4,Tucumán,54.78340441369959,13.57016980842894
2020,3,Buenos Aires,67.65618983090923,22.410088053440287
2020,3,Capital Federal,107.6759011657323,44.62274289719256
2020,3,Catamarca,47.15709898417198,11.995288801288368
2020,3,Chaco,41.54192057806515,11.102767361905425
2020,3,Chubut,68.34389815720037,20.94871530485329
2020,3,Córdoba,75.22035723669207,23.029708353509868
2020,3,Corrientes,41.750749470464434,10.993613616681577
2020,3,Entre Ríos,58.1901640924315,17.398110879051448
2020,3,Formosa,31.905623310186538,8.120337229392224
2020,3,Jujuy,54.04441923820905,13.820037033679931
2020,3,La Pampa,79.26447706670275,26.115702018823033
2020,3,La Rioja,50.118113236302676,13.341312020771634
2020,3,Mendoza,37.348633137232696,10.422355488053226
2020,3,Misiones,41.60448628544863,11.331798537010407
2020,3,Neuquén,65.24417025530218,19.42045929269766
2020,3,Río Negro,57.052405915845014,17.54802558517
2020,3,Salta,52.31571212848803,12.670239307125406
2020,3,San Juan,38.78995525412846,9.88083251128296
2020,3,San Luis,79.96172209417188,22.8839263803681
2020,3,Santa Cruz,35.95152890784452,10.697207032526524
2020,3,Santa Fe,72.12060247348236,22.677710522681583
2020,3,Santiago Del Estero,43.37593131691913,10.76484130094044
2020,3,Tierra Del Fuego,76.80909583946696,22.771515363810202
2020,3,Tucumán,53.2281495112899,13.184990703555616
2020,2,Buenos Aires,65.2205801358229,21.552858404836318
2020,2,Capital Federal,106.41480599073645,44.15182686820503
2020,2,Catamarca,45.43181818181818,11.556666835285702
2020,2,Chaco,39.83250279006581,10.646198278920558
2020,2,Chubut,57.344613387235526,17.577923412048097
2020,2,Córdoba,72.71358531242393,22.262629768284135
2020,2,Corrientes,40.30476267979574,10.613139950481656
2020,2,Entre Ríos,56.538654739709614,16.90464963972206
2020,2,Formosa,31.1394362262631,7.925539742616724
2020,2,Jujuy,47.887810227872784,12.246000275261045
2020,2,La Pampa,76.10158288987562,25.07384596485546
2020,2,La Rioja,49.83993501839552,13.267548880443243
2020,2,Mendoza,36.25224342110005,10.116652469373573
2020,2,Misiones,40.88779600969606,11.136919674351834
2020,2,Neuquén,63.898469033764314,19.02059866374008
2020,2,Río Negro,56.369335248791955,17.338453751536527
2020,2,Salta,51.58158335340357,12.492822821915325
2020,2,San Juan,35.09485776365026,8.939786450606132
2020,2,San Luis,78.4096773527651,22.440286647722235
2020,2,Santa Cruz,35.79262396979603,10.650675172081195
2020,2,Santa Fe,70.002168637187,22.01189934872471
2020,2,Santiago Del Estero,43.46716682468362,10.787648634906734
2020,2,Tierra Del Fuego,76.36948260742473,22.642392447335883
2020,2,Tucumán,51.78074091030483,12.826796661758182
2020,1,Buenos Aires,64.32563101743429,21.208081014212762
2020,1,Capital Federal,105.98017414181909,44.02408243452466
2020,1,Catamarca,37.615427687460254,9.568286447482455
2020,1,Chaco,37.483833369172615,10.018358007806318
2020,1,Chubut,51.26848941909703,15.715139739949185
2020,1,Córdoba,70.6880744339108,21.64232669040361
2020,1,Corrientes,38.729079942230904,10.198192297264285
2020,1,Entre Ríos,56.12006051437216,16.779387594256768
2020,1,Formosa,30.228303962606848,7.693633209507935
2020,1,Jujuy,46.670230639987786,11.934505713694248
2020,1,La Pampa,75.76678781291396,24.96348894596364
2020,1,La Rioja,46.346631384166976,12.337423688670192
2020,1,Mendoza,33.14207670017271,9.248656325291032
2020,1,Misiones,39.01834755171205,10.627621055982175
2020,1,Neuquén,61.84749362355069,18.409872883598883
2020,1,Río Negro,55.11566865962362,16.95263605430754
2020,1,Salta,49.59568027012866,12.011697200976553
2020,1,San Juan,32.392292136304725,8.251277881190129
2020,1,San Luis,76.30854184641933,21.838769386372302
2020,1,Santa Cruz,35.97427628896549,10.704172537298618
2020,1,Santa Fe,69.52357940253133,21.86132458787361
2020,1,Santiago Del Estero,42.466359187991806,10.539212166838636
2020,1,Tierra Del Fuego,76.06964979018785,22.552553250860385
2020,1,Tucumán,47.84792325850032,11.852464901793745
2019,4,Buenos Aires,64.25205288245421,21.135089381908887
2019,4,Capital Federal,106.24546751041055,44.18705360861236
2019,4,Catamarca,36.43842912715547,9.268865071492511
2019,4,Chaco,36.835478630342415,9.84506318966921
2019,4,Chubut,51.145017855147124,15.677171185926401
2019,4,Córdoba,70.48295566244217,21.57949716642836
2019,4,Corrientes,38.767440989262106,10.208283637368018
2019,4,Entre Ríos,57.99221691704514,17.339132629892976
2019,4,Formosa,30.471313480544048,7.755476118924716
2019,4,Jujuy,45.37754633175065,11.60391510228381
2019,4,La Pampa,76.92418969170417,25.344921847620384
2019,4,La Rioja,47.13589011052434,12.547563567459605
2019,4,Mendoza,33.64903072027183,9.390112733918839
2019,4,Misiones,39.78923684048622,10.837581902491847
2019,4,Neuquén,59.35590092822445,17.668184976921886
2019,4,Río Negro,55.70500968287489,17.13387032217983
2019,4,Salta,50.35463892238824,12.195492805546795
2019,4,San Juan,32.85497572815534,8.36915261267133
2019,4,San Luis,74.92002603481464,21.441352893267833
2019,4,Santa Cruz,36.71136308535834,10.923427797723754
2019,4,Santa Fe,69.48235725596862,21.84835065573258
2019,4,Santiago Del Estero,42.92077382358182,10.651974288337923
2019,4,Tierra Del Fuego,79.69536136377089,23.627546752616215
2019,4,Tucumán,47.64902012521289,11.803181280712074
2019,3,Buenos Aires,69.35630106079125,22.761733615562225
2019,3,Capital Federal,112.6453878037209,46.904770893488056
2019,3,Catamarca,30.883614526737205,7.855954765218487
2019,3,Chaco,35.8460309754608,9.580664387529255
2019,3,Chubut,47.56624162293312,14.580466548718958
2019,3,Córdoba,68.59234901069021,21.000781776953538
2019,3,Corrientes,38.48535113586719,10.134028114178687
2019,3,Entre Ríos,57.90009945796624,17.311661825597923
2019,3,Formosa,30.11243299777749,7.664177713890219
2019,3,Jujuy,44.322486842913605,11.334206981241007
2019,3,La Pampa,77.45269423291748,25.519002705641388
2019,3,La Rioja,47.94290512174643,12.762431790856121
2019,3,Mendoza,40.73714258735342,11.368189016279217
2019,3,Misiones,39.33292986744382,10.713348334458951
2019,3,Neuquén,64.13887269491578,19.092075679641724
2019,3,Río Negro,63.42470088700958,19.508498591229387
2019,3,Salta,44.47617792228716,10.771854623416075
2019,3,San Juan,37.06231303554226,9.440941485226007
2019,3,San Luis,85.22608876849344,24.390971166174673
2019,3,Santa Cruz,35.62816097885956,10.601555192584216
2019,3,Santa Fe,68.87178057593026,21.656424746361633
2019,3,Santiago Del Estero,55.30391146854541,13.725288048364083
2019,3,Tierra Del Fuego,96.46210963092378,28.598925193212118
2019,3,Tucumán,39.487600204016815,9.781574184382116
2019,2,Buenos Aires,67.84713982374198,22.215789484298067
2019,2,Capital Federal,110.54556699485231,46.08592579281094
2019,2,Catamarca,32.13095022019278,8.173397032450584
2019,2,Chaco,34.14026097986763,9.125011329267105
2019,2,Chubut,46.98798413626923,14.403808727896068
2019,2,Córdoba,68.07130938789848,20.841637242238242
2019,2,Corrientes,38.15558588418795,10.047459019420458
2019,2,Entre Ríos,57.47823458872391,17.185820444672466
2019,2,Formosa,30.418236006943307,7.742195783956093
2019,2,Jujuy,44.511922790626045,11.382934590825071
2019,2,La Pampa,77.08313750288404,25.39783989548608
2019,2,La Rioja,48.704939144243156,12.965645588675004
2019,2,Mendoza,40.754624235362655,11.373356541672889
2019,2,Misiones,39.14612554169944,10.662825595018377
2019,2,Neuquén,63.080964327674394,18.777900805620252
2019,2,Río Negro,61.0942074999118,18.792276756346176
2019,2,Salta,41.89319832036978,10.146610869132008
2019,2,San Juan,35.59971733748176,9.068540162527924
2019,2,San Luis,81.789994425864,23.40822663016059
2019,2,Santa Cruz,28.846063055322123,8.584064828655885
2019,2,Santa Fe,67.42291993321949,21.201130485144205
2019,2,Santiago Del Estero,52.78997126317105,13.101581339388986
2019,2,Tierra Del Fuego,94.79803428023493,28.10756382159569
2019,2,Tucumán,40.13604621420884,9.942460440805863
2019,1,Buenos Aires,66.24255522736811,21.64173785141924
2019,1,Capital Federal,109.19616455883845,45.57918389943661
2019,1,Catamarca,32.190488956121285,8.188504627374574
2019,1,Chaco,32.635876579429485,8.722835003407456
2019,1,Chubut,42.99773633717796,13.180368061670734
2019,1,Córdoba,65.5173840768055,20.05952769269671
2019,1,Corrientes,35.13498688698812,9.25199213887151
2019,1,Entre Ríos,56.78815996169284,16.979402393290254
2019,1,Formosa,29.677694630431926,7.55368578631946
2019,1,Jujuy,46.40843874036665,11.867849761055307
2019,1,La Pampa,76.35457433780647,25.157516640472675
2019,1,La Rioja,50.184587883262736,13.359402478637785
2019,1,Mendoza,37.657164970282864,10.508862067173826
2019,1,Misiones,36.25716826552349,9.87579609120626
2019,1,Neuquén,58.87800433437489,17.526490396034294
2019,1,Río Negro,53.57164978100252,16.478122478195964
2019,1,Salta,40.09834441771615,9.711781014403453
2019,1,San Juan,31.833058053465464,8.108982017265918
2019,1,San Luis,67.3379373977716,19.271779401291518
2019,1,Santa Cruz,23.66765499676892,7.042691634453057
2019,1,Santa Fe,66.97409094791476,21.059894917387947
2019,1,Santiago Del Estero,37.519416746003905,9.311616280949599
2019,1,Tierra Del Fuego,93.37581922721242,27.684925791261847
2019,1,Tucumán,41.63074443134759,10.31263096739148
2018,4,Buenos Aires,64.60284663484316,21.058833823398523
2018,4,Capital Federal,108.27314997057414,45.24931394036689
2018,4,Catamarca,32.225346166025346,8.197333541624968
2018,4,Chaco,32.59096087632982,8.7108351925502
2018,4,Chubut,42.61093609604538,13.061729706052178
2018,4,Córdoba,65.08926459112368,19.92843117514227
2018,4,Corrientes,34.56627656869549,9.102210657080787
2018,4,Entre Ríos,54.37477348639939,16.257794035384702
2018,4,Formosa,29.73653915732,7.568639138457005
2018,4,Jujuy,46.53226639132679,11.899484192418539
2018,4,La Pampa,73.49404828314209,24.215175627605007
2018,4,La Rioja,50.347993917417234,13.402859048246764
2018,4,Mendoza,37.757783845911696,10.536933969997644
2018,4,Misiones,34.4507488777944,9.38376401334208
2018,4,Neuquén,59.06916926636779,17.58336203291432
2018,4,Río Negro,51.86140345426057,15.952033444971306
2018,4,Salta,39.801610069738146,9.639884990122159
2018,4,San Juan,31.89625207025579,8.125067548299477
2018,4,San Luis,67.55045369760039,19.332549309229275
2018,4,Santa Cruz,23.68919410065612,7.049080016507051
2018,4,Santa Fe,65.58706886191564,20.62373640643868
2018,4,Santiago Del Estero,37.40072595129344,9.2821177795649
2018,4,Tierra Del Fuego,93.59257086207943,27.748785315817887
2018,4,Tucumán,41.75796963877769,10.344120436439566
2018,3,Buenos Aires,64.44056759752046,20.95908740104848
2018,3,Capital Federal,108.44591411021922,45.37709204560748
2018,3,Catamarca,32.91594537411041,8.373046550087581
2018,3,Chaco,32.283100833077576,8.628583509513742
2018,3,Chubut,56.391745852269025,17.28630822939319
2018,3,Córdoba,64.24210026029336,19.66915749676994
2018,3,Corrientes,34.24993887383215,9.018948170247882
2018,3,Entre Ríos,50.222013858377494,15.016208210741233
2018,3,Formosa,29.576573428878444,7.5279498103121085
2018,3,Jujuy,23.263700137195517,5.949165647225797
2018,3,La Pampa,71.75023651844843,23.64056278957734
2018,3,La Rioja,50.73304318059562,13.505484520192356
2018,3,Mendoza,37.990597267996215,10.601969231966759
2018,3,Misiones,32.10366641805902,8.74450949017475
2018,3,Neuquén,60.48661674396911,18.005451709791327
2018,3,Río Negro,50.54264808703746,15.546572458298687
2018,3,Salta,39.42741342068409,9.549341341721156
2018,3,San Juan,33.05141650392377,8.419357955569252
2018,3,San Luis,52.35311497551916,14.983359875657099
2018,3,Santa Cruz,32.72785029455932,9.738987459252597
2018,3,Santa Fe,63.4096146162309,19.939106982732063
2018,3,Santiago Del Estero,36.24961697805127,8.996517443513934
2018,3,Tierra Del Fuego,92.77191839394062,27.506021696216745
2018,3,Tucumán,41.68101359528755,10.325137534986972
2018,2,Buenos Aires,62.78226651094991,20.374582324435124
2018,2,Capital Federal,106.53494128146691,44.632577746788044
2018,2,Catamarca,32.8575008674866,8.35838388395506
2018,2,Chaco,31.251704996034892,8.353123614291734
2018,2,Chubut,54.90230333735512,16.830485129144066
2018,2,Córdoba,63.2743661231958,19.373198551696014
2018,2,Corrientes,33.80975390881165,8.903247385340823
2018,2,Entre Ríos,49.20261187052838,14.711648453505866
2018,2,Formosa,29.434226520796997,7.4919076165093035
2018,2,Jujuy,23.432202729854474,5.9923974768014165
2018,2,La Pampa,71.04033787278055,23.40701065826804
2018,2,La Rioja,50.97789073923241,13.570922884408905
2018,2,Mendoza,36.97287272406129,10.318226443150964
2018,2,Misiones,31.630907682221824,8.61598877251767
2018,2,Neuquén,60.23679161402031,17.931877810369247
2018,2,Río Negro,50.147894623963396,15.42558308937726
2018,2,Salta,39.93719209989731,9.673102808845783
2018,2,San Juan,32.94664884868421,8.392841711641646
2018,2,San Luis,15.150424491351385,4.336137508962927
2018,2,Santa Cruz,33.33236451006607,9.919588050940062
2018,2,Santa Fe,62.57079239957442,19.675591530682105
2018,2,Santiago Del Estero,35.256464211164236,8.750160589339375
2018,2,Tierra Del Fuego,91.60519629538562,27.162316515991055
2018,2,Tucumán,41.512563170017415,10.283671207148597
2018,1,Buenos Aires,62.62621166168454,20.27965291057949
2018,1,Capital Federal,106.23567174586837,44.562961320417855
2018,1,Catamarca,32.79361613741535,8.342098537275874
2018,1,Chaco,30.829927645702472,8.240328535251999
2018,1,Chubut,53.71560488248906,16.466326556340928
2018,1,Córdoba,63.51716965201617,19.447381073339752
2018,1,Corrientes,32.66346087317512,8.60133260210877
2018,1,Entre Ríos,48.68120241785722,14.555673456325385
2018,1,Formosa,21.404310259211442,5.4480098282582645
2018,1,Jujuy,23.121260875677535,5.912829505826147
2018,1,La Pampa,71.75163692275797,23.64124866231016
2018,1,La Rioja,51.44351011244806,13.694770063119927
2018,1,Mendoza,37.07215110240331,10.345843091967911
2018,1,Misiones,30.95673588446963,8.432278416607307
2018,1,Neuquén,61.517390351563726,18.31283869735193
2018,1,Río Negro,49.816861312232405,15.323567091543692
2018,1,Salta,39.775591632918804,9.633845443846392
2018,1,San Juan,32.60917745169287,8.306800710570991
2018,1,San Luis,15.14879034827491,4.335615022675048
2018,1,Santa Cruz,33.55275989857616,9.98473486255572
2018,1,Santa Fe,62.28199844300957,19.584682368757406
2018,1,Santiago Del Estero,34.9882694482421,8.683504190530646
2018,1,Tierra Del Fuego,65.19963702359347,19.33152333431171
2018,1,Tucumán,41.176009388866156,10.200177350055142
2017,4,Buenos Aires,57.609615290258205,18.61464924835486
2017,4,Capital Federal,122.89742418734991,51.6167209151056
2017,4,Catamarca,28.620950093924897,7.280600419229377
2017,4,Chaco,30.808158111236537,8.234501979468078
2017,4,Chubut,51.46309626749354,15.77581593080522
2017,4,Córdoba,63.33262565207773,19.390857786793124
2017,4,Corrientes,32.51511831118755,8.562263620309615
2017,4,Entre Ríos,47.885245293746834,14.317635180183578
2017,4,Formosa,21.270976689249718,5.414060072151437
2017,4,Jujuy,22.742083716267025,5.81583543877829
2017,4,La Pampa,71.04976106378558,23.409929773918797
2017,4,La Rioja,51.56847440546175,13.727965660359493
2017,4,Mendoza,33.32562553415048,9.300280994440511
2017,4,Misiones,31.14218485379854,8.482789477895514
2017,4,Neuquén,61.24232317785096,18.2308851652642
2017,4,Río Negro,49.37562976824529,15.187813662722721
2017,4,Salta,39.79624247145896,9.638816535753657
2017,4,San Juan,30.29992919128174,7.718528602820455
2017,4,San Luis,10.586731069754228,3.0299272402737993
2017,4,Santa Cruz,28.912492882806827,8.603821648608145
2017,4,Santa Fe,61.7127712196729,19.405680474329014
2017,4,Santiago Del Estero,29.126386109501063,7.228687949666727
2017,4,Tierra Del Fuego,59.89413596263622,17.758493353028065
2017,4,Tucumán,39.8968735176797,9.883286960651205
2017,3,Buenos Aires,55.62938339533962,17.935870973592106
2017,3,Capital Federal,121.85832590969336,51.2444496511116
2017,3,Catamarca,32.49092567790524,8.265091234974188
2017,3,Chaco,29.975925647657625,8.012103738024656
2017,3,Chubut,46.21537746651841,14.16737183585357
2017,3,Córdoba,62.30700225296333,19.076953915608296
2017,3,Corrientes,32.16543574593796,8.470212670540503
2017,3,Entre Ríos,45.95812167017718,13.741494179292031
2017,3,Formosa,21.350384380070757,5.43429504811395
2017,3,Jujuy,22.64536299508256,5.791142800512126
2017,3,La Pampa,69.13993701142644,22.780807976856142
2017,3,La Rioja,51.46525230494696,13.700651079810719
2017,3,Mendoza,35.70493177720565,9.964323465862444
2017,3,Misiones,30.205990933031902,8.227833589371523
2017,3,Neuquén,60.8304131050389,18.10848135178631
2017,3,Río Negro,48.518658939500625,14.924361907723748
2017,3,Salta,39.839700806907416,9.649427484390076
2017,3,San Juan,32.36688935995978,8.245115565495915
2017,3,San Luis,15.477861790298098,4.429809174940647
2017,3,Santa Cruz,33.29182971658959,9.907366563740627
2017,3,Santa Fe,60.90635563451515,19.152164898849556
2017,3,Santiago Del Estero,35.12104488438485,8.716515836151316
2017,3,Tierra Del Fuego,65.74180473434595,19.492764396867877
2017,3,Tucumán,39.69537916123259,9.833448455500244
2017,2,Buenos Aires,56.272144161691315,18.104156481000473
2017,2,Capital Federal,124.06139375642523,52.236738675121046
2017,2,Catamarca,25.97712106768351,6.608185687419579
2017,2,Chaco,29.045524775453423,7.763587198662014
2017,2,Chubut,35.54601117914412,10.897114883440475
2017,2,Córdoba,58.973528908003566,18.05661531060883
2017,2,Corrientes,31.38612136835505,8.265165616133114
2017,2,Entre Ríos,45.38933102824724,13.571663585663645
2017,2,Formosa,19.965076445261992,5.0818187061685505
2017,2,Jujuy,22.403415894624064,5.729417105648426
2017,2,La Pampa,63.49352648099681,20.920811368324546
2017,2,La Rioja,16.203445806143563,4.313641371128342
2017,2,Mendoza,31.75860536139077,8.863231962926129
2017,2,Misiones,30.089248025085933,8.196262181174568
2017,2,Neuquén,61.91013427666159,18.43063459528346
2017,2,Río Negro,46.02080512293318,14.1565144707972
2017,2,Salta,32.739420263626215,7.929941866624195
2017,2,San Juan,26.96461612024698,6.869062671706707
2017,2,San Luis,9.513970314868304,2.7229996991951935
2017,2,Santa Cruz,26.248619828709554,7.812000426302888
2017,2,Santa Fe,52.26961123969867,16.436519275562326
2017,2,Santiago Del Estero,14.118988073971998,3.5041532386183105
2017,2,Tierra Del Fuego,68.46322075955756,20.30130511507835
2017,2,Tucumán,38.18623365639289,9.459823731438563
2017,1,Buenos Aires,58.57400244920328,18.804855031011677
2017,1,Capital Federal,108.36920836560806,45.687714654171046
2017,1,Catamarca,25.659350838021506,6.527341318167275
2017,1,Chaco,28.62166053842791,7.65022534015797
2017,1,Chubut,35.662220237763016,10.932503392025788
2017,1,Córdoba,57.65332959287443,17.652242570602198
2017,1,Corrientes,30.940600109644144,8.147787146784857
2017,1,Entre Ríos,44.907273687041226,13.427434245008815
2017,1,Formosa,19.842489178645863,5.050590921688212
2017,1,Jujuy,22.756985962232346,5.81976940765058
2017,1,La Pampa,62.66928104575163,20.649049712429974
2017,1,La Rioja,16.19552414605418,4.311444393660782
2017,1,Mendoza,31.843012770179662,8.886706245725367
2017,1,Misiones,29.522202363131044,8.041713210556319
2017,1,Neuquén,61.02302006782746,18.166254008454768
2017,1,Río Negro,46.02953874119518,14.158945655638249
2017,1,Salta,32.57548931482305,7.8901262912821775
2017,1,San Juan,27.03676098842391,6.887390312005832
2017,1,San Luis,9.545500193678896,2.7319835263877543
2017,1,Santa Cruz,26.52499173785465,7.89382704275053
2017,1,Santa Fe,51.970107692080425,16.34225474583628
2017,1,Santiago Del Estero,14.702119493368587,3.6488508898009986
2017,1,Tierra Del Fuego,68.91974851288131,20.435486705666722
2017,1,Tucumán,37.90016075894098,9.388852799951817
2016,4,Buenos Aires,61.236587430356856,18.578640735833826
2016,4,Capital Federal,120.63133173632356,45.78373827727234
2016,4,Catamarca,26.543515589961913,6.720813040873304
2016,4,Chaco,28.786656085255263,7.653240095890541
2016,4,Chubut,36.07290546427898,10.959254911598952
2016,4,Córdoba,57.696719154378975,17.57129145976522
2016,4,Corrientes,30.98107037649768,8.119896031116928
2016,4,Entre Ríos,45.208402854677,13.451982739190726
2016,4,Formosa,19.84823607816392,5.02928480990009
2016,4,Jujuy,22.651387008241425,5.758804384392255
2016,4,La Pampa,63.016182768654026,20.670760836407798
2016,4,La Rioja,16.45531638401623,4.350562085368715
2016,4,Mendoza,32.10735338479002,8.910941733480245
2016,4,Misiones,29.720149807797423,8.047024567428018
2016,4,Neuquén,60.873667228199054,17.993247493890816
2016,4,Río Negro,46.38521035065572,14.170250609480686
2016,4,Salta,32.69411973937546,7.865487548426057
2016,4,San Juan,27.292421452197058,6.913287316652287
2016,4,San Luis,9.640682435370556,2.7410268293938924
2016,4,Santa Cruz,27.04676021484584,7.940780215262837
2016,4,Santa Fe,52.19105023718895,16.345011971501133
2016,4,Santiago Del Estero,15.067847510433346,3.719720429331573
2016,4,Tierra Del Fuego,70.30526590539473,20.57132386392357
2016,4,Tucumán,37.9807622036193,9.349553397483637
2016,3,Buenos Aires,60.14329545468815,18.295308597951934
2016,3,Capital Federal,120.77287775101534,45.85472026772204
2016,3,Catamarca,26.48067675746367,6.72059087375157
2016,3,Chaco,28.910749068480953,7.706877803276395
2016,3,Chubut,36.17869442878647,11.041169584989312
2016,3,Córdoba,58.24381625803197,17.78550480431242
2016,3,Corrientes,31.066878826051184,8.161726730902307
2016,3,Entre Ríos,45.43514088447326,13.552371996148606
2016,3,Formosa,18.639708302862847,4.733748023050463
2016,3,Jujuy,22.605154265256864,5.76400350138348
2016,3,La Pampa,61.73178543650905,20.294829381412075
2016,3,La Rioja,17.074559106484113,4.529887087279927
2016,3,Mendoza,32.08835884566649,8.930444449562124
2016,3,Misiones,29.905385775898186,8.121652823521027
2016,3,Neuquén,60.21485088853954,17.862151015228427
2016,3,Río Negro,46.38796536215942,14.220201565227184
2016,3,Salta,32.95583168118035,7.955372391224448
2016,3,San Juan,27.31712713599077,6.939188629814689
2016,3,San Luis,9.630539686885157,2.7472425273887247
2016,3,Santa Cruz,26.835201895450698,7.932484607529773
2016,3,Santa Fe,52.67215036886248,16.529361932364445
2016,3,Santiago Del Estero,15.329646578472886,3.794480871177055
2016,3,Tierra Del Fuego,68.94049249100736,20.307103192524696
2016,3,Tucumán,37.89736341023836,9.358616360369721
2016,2,Buenos Aires,59.33852679105808,18.098684568289556
2016,2,Capital Federal,120.03953504825309,45.59375712104128
2016,2,Catamarca,26.074188059740646,6.632980570132604
2016,2,Chaco,28.5935505552226,7.642896733294073
2016,2,Chubut,36.12438565556337,11.074824787933132
2016,2,Córdoba,57.54798052828644,17.620348014320207
2016,2,Corrientes,30.580162046616557,8.053039893831306
2016,2,Entre Ríos,44.73887454518738,13.377306134693265
2016,2,Formosa,19.370070664563997,4.930439412017454
2016,2,Jujuy,21.888281043576683,5.597761384701527
2016,2,La Pampa,60.43686025737927,19.91385540427254
2016,2,La Rioja,16.878902611111524,4.4934890589340855
2016,2,Mendoza,32.12597179442594,8.96594364845842
2016,2,Misiones,29.239512823021975,7.964976216879448
2016,2,Neuquén,59.098285533662036,17.594175765043765
2016,2,Río Negro,46.240113078127436,14.224291356155328
2016,2,Salta,32.08172602508202,7.770812428027119
2016,2,San Juan,27.34078151409113,6.964997582946448
2016,2,San Luis,9.603733851602321,2.7487304539676813
2016,2,Santa Cruz,26.728911725319804,7.955357767523354
2016,2,Santa Fe,52.436477259371124,16.489119309020037
2016,2,Santiago Del Estero,15.888925047306124,3.943453095409565
2016,2,Tierra Del Fuego,67.71824288255286,20.081326844262296
2016,2,Tucumán,37.23568289338424,9.224512334342581
2016,1,Buenos Aires,57.33590782254113,17.53507921643952
2016,1,Capital Federal,115.16005888884817,43.75778412718348
2016,1,Catamarca,25.910217981190538,6.606879526910472
2016,1,Chaco,28.07514644775236,7.524734075579937
2016,1,Chubut,36.0927055378499,11.115931499378867
2016,1,Córdoba,55.283092783740216,16.972666239608547
2016,1,Corrientes,30.080785004133055,7.940601449315725
2016,1,Entre Ríos,43.84596814466226,13.142540095674788
2016,1,Formosa,19.041878369434937,4.858053690123639
2016,1,Jujuy,21.41001128856396,5.491800261988138
2016,1,La Pampa,57.84086865504526,19.101771424266833
2016,1,La Rioja,16.83351837249417,4.4969582015400285
2016,1,Mendoza,32.12333888801278,8.990567825336337
2016,1,Misiones,28.36765259095629,7.751215322654614
2016,1,Neuquén,55.75393700425406,16.65921009321782
2016,1,Río Negro,45.83512638708331,14.14929460475045
2016,1,Salta,31.315545971153234,7.6113150931071925
2016,1,San Juan,27.330794110004312,6.982387580659241
2016,1,San Luis,9.586346282770212,2.752950183918377
2016,1,Santa Cruz,26.865862521449994,8.051419802811122
2016,1,Santa Fe,51.27734085407622,16.157804349232396
2016,1,Santiago Del Estero,16.205749206821952,4.032855070541266
2016,1,Tierra Del Fuego,65.83304163135006,19.6541853628346
2016,1,Tucumán,36.72477136636591,9.127106142747772
2015,4,Buenos Aires,58.29182182733718,17.683348856285942
2015,4,Capital Federal,118.13036321153807,44.832983780989366
2015,4,Catamarca,26.23945178859185,6.643394374998431
2015,4,Chaco,28.35056623514143,7.53670916277073
2015,4,Chubut,36.89017827786587,11.205552103480567
2015,4,Córdoba,57.364881766079215,17.46916799414709
2015,4,Corrientes,30.33643144533882,7.950363156694786
2015,4,Entre Ríos,44.10854807300098,13.123962308090587
2015,4,Formosa,19.06549151678632,4.8305631271657905
2015,4,Jujuy,21.47147379391073,5.458341251601313
2015,4,La Pampa,58.75633720012275,19.272161272149656
2015,4,La Rioja,17.315778648410653,4.577775134234902
2015,4,Mendoza,32.48895249500142,9.015907568565332
2015,4,Misiones,28.686658891542372,7.766317103077486
2015,4,Neuquén,58.2893377687955,17.22630452981118
2015,4,Río Negro,46.43948111494307,14.185024658290292
2015,4,Salta,31.593492648071866,7.599850568087338
2015,4,San Juan,27.6648539357743,7.007150043164227
2015,4,San Luis,9.705768984506312,2.759291577250979
2015,4,Santa Cruz,27.74476906647967,8.143243109871943
2015,4,Santa Fe,52.60808978585806,16.474943169318767
2015,4,Santiago Del Estero,17.00497803803607,4.197822731421939
2015,4,Tierra Del Fuego,66.46220433623792,19.441920240938828
2015,4,Tucumán,37.06217328329588,9.122607419100433
2015,3,Buenos Aires,57.68868105608009,17.5478839831824
2015,3,Capital Federal,118.28921116431961,44.91109222814752
2015,3,Catamarca,25.863781184637624,6.5638473961451576
2015,3,Chaco,27.963072793479412,7.454020298824401
2015,3,Chubut,36.81180991463324,11.233578169758335
2015,3,Córdoba,57.08340378951846,17.430734989025318
2015,3,Corrientes,30.16741240901903,7.9251911359201195
2015,3,Entre Ríos,43.67718163526334,13.027710914374044
2015,3,Formosa,18.836751773785252,4.783639923880968
2015,3,Jujuy,21.2703333470887,5.423454555427568
2015,3,La Pampa,57.96395975091518,19.055588379965016
2015,3,La Rioja,17.151129442032545,4.550079085806065
2015,3,Mendoza,32.49199583186653,9.042401990754488
2015,3,Misiones,28.306345093436885,7.687041384274881
2015,3,Neuquén,54.59931489671118,16.195213031371225
2015,3,Río Negro,46.389186656745146,14.21984560217436
2015,3,Salta,31.175945212858434,7.525378783060509
2015,3,San Juan,27.66538565566005,7.027462887351242
2015,3,San Luis,9.70650326873876,2.7688118552652248
2015,3,Santa Cruz,27.606060983429437,8.159354482038923
2015,3,Santa Fe,52.14595474084349,16.3639671637834
2015,3,Santiago Del Estero,17.11882253135319,4.237302719178804
2015,3,Tierra Del Fuego,74.85845784033849,22.04802112197417
2015,3,Tucumán,36.61035952774264,9.04046893117945
2015,2,Buenos Aires,56.80280561439208,17.32566254457297
2015,2,Capital Federal,116.06627091860372,44.08485428379352
2015,2,Catamarca,25.45341804469818,6.475144864314208
2015,2,Chaco,27.46453938839946,7.341229538625331
2015,2,Chubut,36.58246720458481,11.215678099350221
2015,2,Córdoba,55.86916350781819,17.106520102782877
2015,2,Corrientes,29.584012668108493,7.790823368355694
2015,2,Entre Ríos,42.93197901645878,12.837181261223597
2015,2,Formosa,18.36026720527858,4.673478484721786
2015,2,Jujuy,20.287219077594944,5.188392481356063
2015,2,La Pampa,56.70766522530004,18.685329046975873
2015,2,La Rioja,16.883190981963825,4.494678751214943
2015,2,Mendoza,32.49199583186653,9.068294493026901
2015,2,Misiones,27.34768244882168,7.4498150149300955
2015,2,Neuquén,53.117336593231435,15.814175161962616
2015,2,Río Negro,45.97612013432327,14.14343856592951
2015,2,Salta,30.46112384270092,7.378443804380798
2015,2,San Juan,27.64305342045848,7.042097078751527
2015,2,San Luis,9.707971837203658,2.778618445940834
2015,2,Santa Cruz,27.072245027448233,8.058063850217536
2015,2,Santa Fe,51.17653890867876,16.093025858679276
2015,2,Santiago Del Estero,17.110566632982863,4.2466687085071415
2015,2,Tierra Del Fuego,74.50787431664719,22.095953780047246
2015,2,Tucumán,35.68770560918727,8.841187690702666
2015,1,Buenos Aires,56.37048433026737,17.241393436944044
2015,1,Capital Federal,114.89699714890288,43.65872499007399
2015,1,Catamarca,25.10946633078758,6.4030169907943355
2015,1,Chaco,26.649591220305552,7.143089175357747
2015,1,Chubut,37.612780685907914,11.585798774556789
2015,1,Córdoba,54.69734650188214,16.79362190248589
2015,1,Corrientes,28.95019128190928,7.642568763996284
2015,1,Entre Ríos,42.06519337351208,12.609336086982932
2015,1,Formosa,18.12270367397183,4.62384901660949
2015,1,Jujuy,19.68971363262363,5.050879913471037
2015,1,La Pampa,55.50803232733774,18.332348933631966
2015,1,La Rioja,16.703201787413843,4.462324463144091
2015,1,Mendoza,32.36588756051825,9.059236417534116
2015,1,Misiones,26.305604105190643,7.1884830279667495
2015,1,Neuquén,51.95443673810251,15.526250068921229
2015,1,Río Negro,45.32694907202778,13.99387526238606
2015,1,Salta,30.00978823344275,7.2946429647847415
2015,1,San Juan,27.553192759766446,7.039582453142129
2015,1,San Luis,9.716048963760594,2.790401457622043
2015,1,Santa Cruz,27.994863943494483,8.391896957421542
2015,1,Santa Fe,50.24449475931921,15.832773292036375
2015,1,Santiago Del Estero,17.0558169911586,4.2444689547784344
2015,1,Tierra Del Fuego,74.23495170010268,22.16715476458662
2015,1,Tucumán,35.07860688538978,8.71860866450986
2014,4,Buenos Aires,56.09433653019754,17.0147634301905
2014,4,Capital Federal,114.89676550801623,43.604620676636536
2014,4,Catamarca,25.513779082747998,6.459254980059493
2014,4,Chaco,21.87078320023224,5.81368220415458
2014,4,Chubut,40.24927468450274,12.22355578461917
2014,4,Córdoba,54.69689679332299,16.655707331301695
2014,4,Corrientes,23.56243099277512,6.174655065970425
2014,4,Entre Ríos,36.0254708519679,10.718328095183363
2014,4,Formosa,17.956311361695214,4.549162969289201
2014,4,Jujuy,19.59941818052116,4.982003512117359
2014,4,La Pampa,51.273133452228585,16.816524623987434
2014,4,La Rioja,17.01075088723615,4.496901902725229
2014,4,Mendoza,32.63838187615034,9.056377705209336
2014,4,Misiones,24.162430605588312,6.540662222041546
2014,4,Neuquén,52.554989697249574,15.52866412077054
2014,4,Río Negro,45.47806275120403,13.889530185847859
2014,4,Salta,29.534861619577978,7.103785883014793
2014,4,San Juan,28.037145714560673,7.100961754619733
2014,4,San Luis,9.786393366351197,2.7819569555272006
2014,4,Santa Cruz,27.802678969652344,8.15757414246012
2014,4,Santa Fe,49.999623023482705,15.657532856900755
2014,4,Santiago Del Estero,17.26920158364512,4.26296198713424
2014,4,Tierra Del Fuego,66.13781947338316,19.341882280727507
2014,4,Tucumán,35.32087516932818,8.693215352295233
2014,3,Buenos Aires,56.754739164071026,17.26299843234104
2014,3,Capital Federal,113.8005123324155,43.20639959292724
2014,3,Catamarca,24.706121305327624,6.269890252791938
2014,3,Chaco,21.112666705262427,5.627757222300207
2014,3,Chubut,40.59867094427454,12.388234071451354
2014,3,Córdoba,54.23361028299935,16.5601374978714
2014,3,Corrientes,22.78753503515243,5.9862826719116935
2014,3,Entre Ríos,34.981647333712985,10.433826435850124
2014,3,Formosa,17.771314831468263,4.5129252671268265
2014,3,Jujuy,18.368534215570367,4.68339443034039
2014,3,La Pampa,55.78120173850417,18.33753400191527
2014,3,La Rioja,16.50671327406722,4.379035874747908
2014,3,Mendoza,32.313179561655694,8.992236937014606
2014,3,Misiones,23.567356954345527,6.399773666851879
2014,3,Neuquén,56.39541102706976,16.726688649309313
2014,3,Río Negro,46.196187157830146,14.159932806209634
2014,3,Salta,29.2226843537979,7.053549273694012
2014,3,San Juan,27.854244478102746,7.0752480415613945
2014,3,San Luis,9.711210759672754,2.770051341285783
2014,3,Santa Cruz,28.231942904274984,8.34323913237982
2014,3,Santa Fe,49.19588444557267,15.437988654617879
2014,3,Santiago Del Estero,16.49220390830193,4.082169590293595
2014,3,Tierra Del Fuego,65.68610204476191,19.344392262780588
2014,3,Tucumán,33.94375582221807,8.381678430058432
2014,2,Buenos Aires,55.06141695143392,16.794925434991658
2014,2,Capital Federal,113.1433524754098,42.974776961427445
2014,2,Catamarca,24.703118860058403,6.284355435383139
2014,2,Chaco,20.95799636749445,5.602127567276613
2014,2,Chubut,41.41020981991258,12.696289361395674
2014,2,Córdoba,53.448126115625996,16.365408420405306
2014,2,Corrientes,22.575613003243586,5.945267054468535
2014,2,Entre Ríos,34.687432371459764,10.372072065869386
2014,2,Formosa,17.54041175485166,4.464869672895974
2014,2,Jujuy,18.706060999413573,4.784095434078587
2014,2,La Pampa,49.70759616034458,16.379048903362197
2014,2,La Rioja,16.502564816345664,4.3933834187878436
2014,2,Mendoza,32.098238150241194,8.95860097015214
2014,2,Misiones,23.367747601299843,6.365807425994047
2014,2,Neuquén,50.84274905844866,15.137568029498313
2014,2,Río Negro,45.33491032014632,13.946569423268942
2014,2,Salta,28.914594000862877,7.004015501526469
2014,2,San Juan,27.782697817958912,7.077771062624967
2014,2,San Luis,9.717910199871824,2.781512264860477
2014,2,Santa Cruz,29.377007153054272,8.744673181156902
2014,2,Santa Fe,48.39035138670138,15.216957428230305
2014,2,Santiago Del Estero,16.695567347354444,4.143683147939005
2014,2,Tierra Del Fuego,64.35604517159936,19.08631433655622
2014,2,Tucumán,33.94452688568229,8.409488588173268
2014,1,Buenos Aires,54.570072879439756,16.692346018019045
2014,1,Capital Federal,112.25412278926913,42.655071630586406
2014,1,Catamarca,24.251751254585553,6.184614520776599
2014,1,Chaco,20.71853886384081,5.553671463702625
2014,1,Chubut,41.23521807972435,12.703590133239262
2014,1,Córdoba,52.517847544006315,16.125183143749393
2014,1,Corrientes,22.316716713838876,5.891708288681968
2014,1,Entre Ríos,34.367121821250166,10.302247104839328
2014,1,Formosa,17.418451079368708,4.444467754793774
2014,1,Jujuy,18.41535244687765,4.724302778829112
2014,1,La Pampa,48.42532103828204,15.994061954006705
2014,1,La Rioja,16.294104815837528,4.353174900044055
2014,1,Mendoza,31.91312298660578,8.933318322823283
2014,1,Misiones,23.13653864847733,6.323160981949705
2014,1,Neuquén,49.79160519138556,14.882265766507492
2014,1,Río Negro,44.913957131788514,13.867842232252002
2014,1,Salta,28.699559509630678,6.976877486214764
2014,1,San Juan,27.59549302299609,7.050796578649686
2014,1,San Luis,9.347207842190002,2.684668505334274
2014,1,Santa Cruz,28.939093063577776,8.677326900880571
2014,1,Santa Fe,47.84766256547095,15.077800919408592
2014,1,Santiago Del Estero,16.309923503967603,4.058899015580628
2014,1,Tierra Del Fuego,63.965925574153744,19.10492102645171
2014,1,Tucumán,33.4209747934719,8.307214637543202
